,County,equitable_share_2020_21,equitable_share_2021_22_plus,conditional_grant_2020_21,conditional_grant_2021_22_plus,annual_own_source_revenue_2020_21,annual_own_source_revenue_2021_22_plus,total_revenue_2020_21,total_revenue_2021_22_plus,number_x,county,number_of_schools,total_enrolment,average_school_size,place,population,land_area_km_sq,pop_density_per_km_sq,county_ptr,public_enrolment,public_teachers,public_PTR,private_enrolment,private_teachers,private_PTR,overall_public_plus_private_enrolment,public_over_overall_enrolment_as_pct,overall_pri_ptr_county,overall_pri_ptr_enrolment,overall_pri_ptr_teachers,overall_pri_ptr_PTR,txtbk_no,txtbk_county,txtbk_grade_1,txtbk_grade_2,txtbk_grade_3,pupil_textbook_ratio,s_number_elec,county_elec,national_grid,solar,no_power,elec_table_total,no_power_pct,with_power_pct,with_national_grid_pct,complete_dig_SN,complete_dig_county,number_of_pri_schools_by_2016,number_of_schools_w_complete_digital_devices,pct_installed,detailed_digi_SN,detailed_digi_county,installed_learner_digi_devices,installed_learner_digi_devices.1,Installed_digi_content_server_and_wireless_routers,installed_projectors,installed_special_needs_edu_devices,nasmla_number,nasmla_county,mathematics_mean,mathematics_SE,english_mean,english_SE,kiswahili_mean,kiswahili_SE,county_lower,Unnamed: 0.1,name,capital,code,sub_counties,sub_counties_lower,Place_county_or_subcounty,total_and_gender,number_y,dont_know_number,dont_know_number_percent,not_stated_number,at_school_or_learning_institution_number,at_school_or_learning_institution_pct,after_completion_number,after_completion_pct,before_completion_number,before_completion_pct,never_been_to_school_or_learning_institution_number,never_been_to_school_or_learning_institution_pct,Unnamed: 0,male_Place_county_or_subcounty,male_total_and_gender,male_number,male_dont_know_number,male_dont_know_number_percent,male_not_stated_number,male_at_school_or_learning_institution_number,male_at_school_or_learning_institution_pct,male_after_completion_number,male_after_completion_pct,male_before_completion_number,male_before_completion_pct,male_never_been_to_school_or_learning_institution_number,male_never_been_to_school_or_learning_institution_pct,male_Place_county_or_subcounty_lower,name_lower,county_pupil_tr,pre_primary_pupil_teacher_ratio,secondary_pupil_teacher_ratio,female_Place_county_or_subcounty,female_total_and_gender,female_number,female_dont_know_number,female_dont_know_number_percent,female_not_stated_number,female_at_school_or_learning_institution_number,female_at_school_or_learning_institution_pct,female_after_completion_number,female_after_completion_pct,female_before_completion_number,female_before_completion_pct,female_never_been_to_school_or_learning_institution_number,female_never_been_to_school_or_learning_institution_pct,public_primary_enrolment_as_pct_of_overall_enrolment,never_been_to_school_over_population_pct,before_completion_over_population_pct,left_school_before_plus_after_completion,left_school_over_left_before_and_after_as_pct,after_completion_over_left_before_and_after_as_pct,never_been_to_school_over_left_before_and_after_pct,population_per_no_of_schools_over_area
21,Kiambu,"9,431.70","11,717.53","1,418.16",742.54,"2,425.25","3,883.30","13,275.10","16,343.37",13,Kiambu,899,"347,510",387,Kiambu,"2,417,735","2,538.60",952,Kiambu,"227,580","6,129",37,"119,930","4,227",28,"347,510",65.48876291,Kiambu,"347,510","10,356",34,13,Kiambu,0.94,0.98,0.96,0.96,22,Kiambu,461,0,1,462,0.2164502165,99.78354978,99.78354978,13,Kiambu,481,481,100,13,Kiambu,"23,732",962,481,481,50,13,Kiambu,554.4,39.2,594.7,26,562,20,kiambu,87,Kiambu,Kiambu,22,Kiambu,kiambu,KIAMBU,KIAMBU,"2,231,514","13,057",0.6,522,"778,586",34.9,"1,013,910",45.4,"326,845",14.6,"98,594",4.4,533,KIAMBU,Male,"1,092,380","7,274",0.7,262,"388,770",35.6,"504,910",46.2,"151,002",13.8,"40,162",3.7,kiambu,kiambu,Kiambu,26.6,25.9,KIAMBU,Female,"1,139,012","5,783",0.5,260,"389,788",34.2,"508,948",44.7,"175,810",15.4,"58,423",5.1,65.48876291,4.077948989,13.51864452,"1,340,755",24.37768272,75.62231728,7.353617924,1.059387221
47,Nairobi City,"15,919.95","19,249.68",869.61,"1,020.09","9,958.04","19,360.74","26,747.60","39,630.51",30,Nairobi,"1,105","414,045",375,Nairobi City,"4,397,073","6,247","6,247",Nairobi,"230,008","4,097",56,"184,037",,,"414,045",55.55144972,Nairobi,"414,045",,,30,Nairobi,0.96,1.01,0.95,0.97,47,Nairobi,300,5,2,307,0.651465798,99.3485342,97.71986971,30,Nairobi,203,201,99.01,30,Nairobi,"16,495",402,201,201,99,30,Nairobi,632,22.4,661.3,23.5,588.3,19.1,nairobi,534,Nairobi,Nairobi City,47,Nairobi City,nairobi city,NAIROBI CITY,NAIROBI CITY,"4,010,447","35,729",0.9,"1,603","1,358,304",33.9,"1,921,640",47.9,"505,807",12.6,"187,364",4.7,1145,NAIROBI CITY,Male,"1,986,852","19,514",1,806,"671,188",33.8,"984,163",49.5,"228,088",11.5,"83,093",4.2,nairobi city,,Nairobi,54,27.7,NAIROBI CITY,Female,"2,023,404","16,211",0.8,794,"687,064",34,"937,410",46.3,"277,670",13.7,"104,255",5.2,55.55144972,4.261107332,11.50326592,"2,427,447",20.83699459,79.16300541,7.718561929,0.6369860067
53,Nyeri,"5,412.15","6,228.73","1,167.74",833.56,886.89,"1,000.00","7,466.78","8,062.29",36,Nyeri,552,"124,881",226,Nyeri,"759,164","3,325.00",228,Nyeri,"101,408","3,719",27,"23,473","1,262",19,"124,881",81.20370593,Nyeri,"124,881","4,981",25,36,Nyeri,0.98,0.99,0.98,0.98,19,Nyeri,391,0,0,391,0,100,100,36,Nyeri,392,390,99.49,36,Nyeri,"11,847",780,389,389,,36,Nyeri,515.7,47.2,546.8,55.6,516.4,40.4,nyeri,427,Nyeri,Nyeri,19,,,NYERI,NYERI,"709,353","4,138",0.6,47,"253,898",35.8,"301,927",42.6,"113,307",16,"36,036",5.1,449,NYERI,Male,"348,266","2,180",0.6,28,"130,417",37.4,"150,457",43.2,"52,289",15,"12,895",3.7,nyeri,nyeri,Nyeri,28.7,24.7,NYERI,Female,"361,061","1,958",0.5,19,"123,475",34.2,"151,460",41.9,"61,009",16.9,"23,140",6.4,81.20370593,4.746800428,14.92523355,"415,234",27.28750536,72.71249464,8.678480086,0.4136231884
33,Machakos,"7,754.25","9,162.30","1,248.05",717.13,"1,296.36","1,682.89","10,298.67","11,562.33",22,Machakos,"1,202","284,390",237,Machakos,"1,421,932","6,042.70",235,Machakos,"238,562","8,179",29,"45,828","2,381",19,"284,390",83.88550934,Machakos,"284,390","10,560",27,22,Machakos,1.03,1.02,1.03,1.03,16,Machakos,818,28,8,854,0.9367681499,99.06323185,95.78454333,22,Machakos,837,835,99.76,22,Machakos,"30,678","1,670",835,835,1,22,Machakos,532.8,23.2,532.8,24,521.5,13.6,machakos,405,Machakos,Machakos,16,,,MACHAKOS,MACHAKOS,"1,327,172","11,638",0.9,199,"505,677",38.1,"519,446",39.1,"203,283",15.3,"86,929",6.5,362,MACHAKOS,Male,"661,982","6,197",0.9,103,"258,981",39.1,"262,961",39.7,"99,048",15,"34,692",5.2,machakos,machakos,Machakos,33.1,27.3,MACHAKOS,Female,"665,162","5,440",0.8,96,"246,686",37.1,"256,474",38.6,"104,232",15.7,"52,234",7.9,83.88550934,6.113442837,14.29625327,"722,729",28.12714033,71.87285967,12.0278832,0.1957687315
52,Nyandarua,"4,874.10","5,670.44",856.79,912.19,408.72,590,"6,139.61","7,172.63",35,Nyandarua,488,"138,635",284,Nyandarua,"638,289","3,285.70",194,Nyandarua,"116,354","3,778",31,"22,281","1,095",20,"138,635",83.92830093,Nyandarua,"138,635","4,873",28,35,Nyandarua,1,1.01,1.01,1.01,18,Nyandarua,349,1,0,350,0,100,99.71428571,35,Nyandarua,350,344,98.29,35,Nyandarua,"13,358",688,344,344,,35,Nyandarua,540.6,10.6,552.4,19.1,536.7,18.2,nyandarua,420,Nyandarua,Ol Kalou,18,,,NYANDARUA,NYANDARUA,"594,649","1,836",0.3,66,"249,756",42,"199,054",33.5,"105,160",17.7,"38,777",6.5,422,NYANDARUA,Male,"292,917","1,041",0.4,32,"128,283",43.8,"98,748",33.7,"50,160",17.1,"14,653",5,nyandarua,nyandarua,Nyandarua,28.6,31.7,NYANDARUA,Female,"301,715",795,0.3,33,"121,466",40.3,"100,304",33.2,"54,994",18.2,"24,123",8,83.92830093,6.075147778,16.47529567,"304,214",34.56777137,65.43222863,12.74661916,0.3980793323
26,Kirinyaga,"4,241.10","5,196.18",592.59,726.94,346.52,485,"5,180.21","6,408.11",15,Kirinyaga,355,"108,014",304,Kirinyaga,"610,411","1,478.30",413,Kirinyaga,"76,840","2,535",30,"31,174","1,824",17,"108,014",71.13892644,Kirinyaga,"108,014","4,359",25,15,Kirinyaga,0.91,0.91,0.92,0.91,20,Kirinyaga,197,1,0,198,0,100,99.49494949,15,Kirinyaga,199,199,100,15,Kirinyaga,"9,329",398,199,199,15,15,Kirinyaga,493.6,15.3,508.6,11.6,496.4,4.3,kirinyaga,435,Kirinyaga,Kerugoya/Kutus,20,,,KIRINYAGA,KIRINYAGA,"571,312","3,931",0.7,37,"193,518",33.9,"199,413",34.9,"136,968",24,"37,445",6.6,482,KIRINYAGA,Male,"281,556","2,256",0.8,21,"98,661",35,"100,582",35.7,"67,459",24,"12,577",4.5,kirinyaga,kirinyaga,Kirinyaga,29.3,26.7,KIRINYAGA,Female,"289,729","1,675",0.6,16,"94,852",32.7,"98,822",34.1,"69,497",24,"24,867",8.6,71.13892644,6.134391418,22.43865199,"336,381",40.71811428,59.28188572,11.13172266,1.163138474
28,Kisumu,"6,836.40","8,026.14","1,197.23",922.93,822.3,"1,984.00","8,855.93","10,933.07",17,Kisumu,821,"287,164",350,Kisumu,"1,155,574","2,085.40",554,Kisumu,"254,011","6,174",41,"33,153","1,554",21,"287,164",88.45502918,Kisumu,"287,164","7,728",37,17,Kisumu,0.91,0.92,0.93,0.92,42,Kisumu,615,0,0,615,0,100,100,17,Kisumu,613,613,100,17,Kisumu,"30,716","1,226",613,613,110,17,Kisumu,464.8,24,484,27.4,459.6,28.6,kisumu,,Kisumu,Kisumu,42,,,KISUMU,KISUMU,,"7,121",0.7,301,"504,812",47.6,"284,283",26.8,"188,709",17.8,75998,7.2,,KISUMU,Male,"511,739","3,831",0.7,148,"253,600",49.6,"144,815",28.3,"80,326",15.7,"29,019",5.7,kisumu,kisumu,Kisumu,29,31.1,KISUMU,Female,"549,465",45.7,"139,457",25.4,"108,379",19.7,"46,977",8.5,"108,379",19.7,"46,977",8.5,88.45502918,6.576645027,16.33032588,"472,992",39.89686929,60.10313071,16.0675022,0.6749401062
46,Murang’a,"6,298.35","7,180.16",865.83,608.23,627.16,"1,500.00","7,791.35","9,288.38",29,Murang'a,681,"206,420",303,Murang'a,"1,056,640","2,524.20",419,Murang'a,"176,514","5,679",31,"29,906","1,533",20,"206,420",85.51206278,Murang'a,"206,420","7,212",29,29,Murang'a,1.06,1.07,1.06,1.06,21,Murang a,513,1,0,514,0,100,99.80544747,29,Murang a,514,512,99.61,29,Murang a,"20,664",964,482,482,15,29,Murang'a,528.6,26.4,515.1,22,503.6,26.5,murang'a,436,Murang'a,Murang'a,21,Murang'a,murang'a,MURANG'A,MURANG'A,"988,224","4,133",0.4,143,"358,844",36.3,"358,964",36.3,"193,814",19.6,"72,326",7.3,503,MURANG'A,Male,"488,689","2,319",0.5,73,"184,250",37.7,"182,572",37.4,"93,190",19.1,"26,285",5.4,murang'a,murang'a,Murang'a,25.4,25.1,MURANG'A,Female,"499,505","1,814",0.4,70,"174,580",35,"176,382",35.3,"100,619",20.1,"46,040",9.2,85.51206278,6.844904603,18.34248183,"552,778",35.06181505,64.93818495,13.08409524,0.6146900354
48,Nakuru,"10,476.15","13,026.12","1,228.94",972.58,"1,628.82","1,712.13","13,333.91","15,710.83",31,Nakuru,"1,136","478,057",421,Nakuru,"2,162,202","7,462.40",290,Nakuru,"376,740","9,230",41,"101,317","4,172",24,"478,057",78.80650215,Nakuru,"478,057","13,402",36,31,Nakuru,0.97,0.98,0.98,0.98,32,Nakuru,680,25,22,727,3.026134801,96.9738652,93.53507565,31,Nakuru,691,689,99.71,31,Nakuru,"43,136","1,378",689,689,23,31,Nakuru,515.5,17.8,532.1,24.2,528.9,16.2,nakuru,466,Nakuru,Nakuru,32,,,NAKURU,NAKURU,"1,981,598","16,450",0.8,319,"843,280",42.6,"652,319",32.9,"322,032",16.3,"147,198",7.4,746,NAKURU,Male,"982,910","9,390",1,164,"429,850",43.7,"330,145",33.6,"150,063",15.3,"63,298",6.4,nakuru,nakuru,Nakuru,31.9,34.9,NAKURU,Female,"998,603","7,058",0.7,155,"413,397",41.4,"322,148",32.3,"171,948",17.2,"83,897",8.4,78.80650215,6.807782067,14.89370558,"974,351",33.05092313,66.94907687,15.1072868,0.2550582696
67,Uasin Gishu,"6,330.00","8,068.86",877.39,762.15,"1,105.68","1,000.00","8,313.07","9,831.01",44,Uasin Gishu,845,"231,196",274,Uasin Gishu,"1,163,186","3,392.20",343,Uasin Gishu,"173,914","5,227",33,"57,282","2,986",19,"231,196",75.22361979,Uasin Gishu,"231,196","8,213",28,44,Uasin Gishu,0.97,0.99,0.98,0.98,27,Uasin Gishu,460,0,14,474,2.953586498,97.0464135,97.0464135,44,Uasin Gishu,456,456,100,44,Uasin Gishu,"20,319",912,456,456,,44,Uasin Gishu,527.1,28.1,524.6,33.3,537.6,23.8,uasin gishu,451,Uasin Gishu,Eldoret,27,,,UASIN GISHU,UASIN GISHU,"1,070,335","8,633",0.8,138,"480,402",44.9,"321,505",30,"180,625",16.9,"79,032",7.4,647,UASIN GISHU,Male,"531,769","4,960",0.9,68,"241,839",45.5,"163,748",30.8,"85,855",16.1,"35,299",6.6,uasin gishu,uasin gishu,Uasin Gishu,23.3,27.1,UASIN GISHU,Female,"538,543","3,673",0.7,70,"238,555",44.3,"157,748",29.3,"94,766",17.6,"43,731",8.1,75.22361979,6.794442161,15.52847094,"502,130",35.9717603,64.0282397,15.73935037,0.4057990329
37,Makueni,"7,406.10","8,132.78",825.71,753.51,527.53,475,"8,759.33","9,361.30",23,Makueni,"1,041","255,093",245,Makueni,"987,653","8,169.80",121,Makueni,"238,555","8,176",29,"16,538","1,165",14,"255,093",93.51687424,Makueni,"255,093","9,341",27,23,Makueni,0.98,0.98,0.99,0.98,17,Makueni,775,115,15,905,1.657458564,98.34254144,85.63535912,23,Makueni,887,887,100,23,Makueni,"32,313","1,774",887,887,97,23,Makueni,523.6,18.8,512.4,25.1,510.9,15.4,makueni,153,Makueni,Wote,17,Makueni,makueni,MAKUENI,MAKUENI,"921,168","12,357",1.3,144,"395,627",42.9,"276,206",30,"165,325",17.9,"71,509",7.8,392,MAKUENI,Male,"453,946","6,657",1.5,62,"202,949",44.7,"135,938",29.9,"81,353",17.9,"26,987",5.9,makueni,makueni,Makueni,21.5,29.3,MAKUENI,Female,"467,204","5,700",1.2,82,"192,669",41.2,"140,265",30,"83,969",18,"44,519",9.5,93.51687424,7.240295934,16.73917864,"441,531",37.44357701,62.55642299,16.19569181,0.1161294135
68,Vihiga,"4,652.55","5,067.36",737.84,570.61,169.11,232.7,"5,559.50","5,870.67",45,Vihiga,452,"169,354",375,Vihiga,"590,013","1,047","1,047",Vihiga,"158,689","4,180",38,"10,665",613,17,"169,354",93.70254024,Vihiga,"169,354","4,793",35,45,Vihiga,1,1,1,1,38,Vihiga,380,0,4,384,1.041666667,98.95833333,98.95833333,45,Vihiga,378,378,100,45,Vihiga,"22,097",756,378,378,,45,Vihiga,531.4,31.6,558.6,31.9,552.2,36,vihiga,301,Vihiga,Vihiga,38,vihiga,vihiga,VIHIGA,VIHIGA,"550,070","3,623",0.7,95,"257,982",46.9,"128,847",23.4,"115,345",21,"44,178",8,908,VIHIGA,Male,"263,949","1,815",0.7,52,"129,422",49,"61,789",23.4,"52,189",19.8,"18,682",7.1,vihiga,vihiga,Vihiga,22.4,32.3,VIHIGA,Female,"286,112","1,808",0.6,43,"128,556",44.9,"67,055",23.4,"63,154",22.1,"25,496",8.9,93.70254024,7.487631628,19.54956925,"244,192",47.23537217,52.76462783,18.09150177,1.246741639
20,Kericho,"5,380.50","6,430.66",780.03,722.35,595.98,494.05,"6,756.51","7,647.07",12,Kericho,827,"222,619",269,Kericho,"901,777","2,436.10",370,Kericho,"178,579","5,494",33,"44,040","2,154",20,"222,619",80.21732197,Kericho,"222,619","7,648",29,12,Kericho,0.96,0.97,0.97,0.97,35,Kericho,497,1,0,498,0,100,99.79919679,12,Kericho,503,502,99.8,12,Kericho,"23,783","1,004",502,502,66,12,Kericho,457.1,16.4,449.4,20.1,449.5,14.5,kericho,481,Kericho,Kericho,35,,,KERICHO,KERICHO,"834,061","4,236",0.5,219,"387,109",46.4,"201,479",24.2,"172,473",20.7,"68,545",8.2,827,KERICHO,Male,"415,734","2,323",0.6,110,"197,586",47.5,"105,284",25.3,"80,978",19.5,"29,453",7.1,kericho,kericho,Kericho,31.8,33.7,KERICHO,Female,"418,300","1,913",0.5,109,"189,513",45.3,"96,187",23,"91,489",21.9,"39,089",9.3,80.21732197,7.601103155,19.12590363,"373,952",46.12169476,53.87830524,18.32989261,0.4476087143
8,Embu,"4,304.40","5,125.24",998.06,607.12,375.33,900,"5,677.78","6,632.36",6,Embu,519,"124,774",240,Embu,"608,599","2,820.70",216,Embu,"101,425","3,694",27,"23,349","1,120",21,"124,774",81.28696684,Embu,"124,774","4,814",26,6,Embu,0.5,0.5,0.5,0.5,14,Embu,370,11,0,381,0,100,97.11286089,6,Embu,381,381,100,6,Embu,"12,740",762,381,381,13,6,Embu,473.9,14.5,474.3,16.6,461.8,15.2,embu,394,Embu,Embu,14,,,EMBU,EMBU,"568,228","2,404",0.4,51,"205,389",36.1,"180,500",31.8,"131,329",23.1,"48,555",8.5,284,EMBU,Male,"283,024","1,530",0.5,22,"104,132",36.8,"90,744",32.1,"67,774",23.9,"18,822",6.7,embu,embu,Embu,35.8,25.2,EMBU,Female,"285,182",874,0.3,29,"101,251",35.5,"89,746",31.5,"63,552",22.3,"29,730",10.4,81.28696684,7.978159675,21.57890499,"311,829",42.11571085,57.88428915,15.57103412,0.4157258003
49,Nandi,"5,348.85","6,990.87",772.17,678.1,261.04,387.11,"6,382.06","8,056.07",32,Nandi,900,"231,836",258,Nandi,"885,711","2,855.80",310,Nandi,"205,865","6,161",33,"25,971","1,582",16,"231,836",88.79768457,Nandi,"231,836","7,743",30,32,Nandi,0.82,0.82,0.82,0.82,29,Nandi,718,0,13,731,1.778385773,98.22161423,98.22161423,32,Nandi,709,709,100,32,Nandi,"28,704","1,418",709,709,,32,Nandi,491.8,27.5,486.6,17.5,503.2,19.3,nandi,453,Nandi,Kapsabet,29,,,NANDI,NANDI,"822,163","7,242",0.9,80,"390,831",47.5,"166,706",20.3,"186,639",22.7,"70,665",8.6,683,NANDI,Male,"408,980","3,921",1,48,"199,523",48.8,"85,080",20.8,"88,754",21.7,"31,654",7.7,nandi,nandi,Nandi,21.9,35.3,NANDI,Female,"413,163","3,321",0.8,32,"191,303",46.3,"81,621",19.8,"97,879",23.7,"39,007",9.4,88.79768457,7.978336049,21.07222333,"353,345",52.82061441,47.17938559,19.99886796,0.3446051311
1,Bomet,"5,507.10","6,691.10",832.35,806.48,183.01,300,"6,522.46","7,797.58",2,Bomet,968,"231,197",239,Bomet,"875,689","2,530.90",346,Bomet,"198,857","4,938",40,"32,340","2,792",12,"231,197",86.01192922,Bomet,"231,197","7,730",30,2,Bomet,0.99,0.91,1,0.96,36,Bomet,666,1,24,691,3.473227207,96.52677279,96.38205499,2,Bomet,632,630,99.68,2,Bomet,"27,609","1,260",630,630,,2,Bomet,485.2,27.8,462.2,21.5,447.3,24.2,bomet,485,Bomet,Bomet,36,,,BOMET,BOMET,"810,122","6,730",0.8,75,"400,330",49.4,"169,658",20.9,"160,702",19.8,"72,627",9,848,BOMET,Male,"400,694","3,572",0.9,41,"205,930",51.4,"88,746",22.1,"72,327",18.1,"30,078",7.5,bomet,bomet,Bomet,38.8,39.8,BOMET,Female,"409,407","3,158",0.8,34,"194,390",47.5,"80,911",19.8,"88,369",21.6,"42,545",10.4,86.01192922,8.293697877,18.35149237,"330,360",48.64450902,51.35549098,21.98419906,0.3574370369
59,Taita/Taveta,"4,241.10","4,842.17","1,120.24","1,532.98",302.01,376,"5,663.35","6,751.15",39,Taita Taveta,285,"67,177",236,Taita/Taveta,"340,671","17,152.00",20,Taita Taveta,"60,205","1,990",30,"6,972",565,12,"67,177",89.62144782,Taita Taveta,"67,177","2,555",26,39,Taita/Taveta,1,1,1,1,6,Taita/Taveta,200,10,0,210,0,100,95.23809524,39,Taita/Taveta,194,194,100,39,Taita/Taveta,"7,025",388,194,194,71,39,Taita Taveta,488.4,16.6,499.2,19.4,544.4,22.9,taita taveta,338,Taita-Taveta,Voi,6,,,TAITA/TAVETA,TAITA/TAVETA,"312,593","1,286",0.4,69,"116,381",37.2,"118,731",38,"47,998",15.4,"28,128",9,95,TAITA/TAVETA,Male,"158,230",744,0.5,34,"59,272",37.5,"63,137",39.9,"23,804",15,"11,239",7.1,taita/taveta,,Taita Taveta,22.5,28.1,TAITA/TAVETA,Female,"154,357",542,0.4,35,"57,108",37,"55,594",36,"24,190",15.7,"16,888",10.9,89.62144782,8.256646442,14.08925327,"166,729",28.78803328,71.21196672,16.87049044,0.06969081402
13,Homa Bay,"6,741.45","7,805.35",704.95,607.76,120.41,143.81,"7,566.81","8,556.93",8,Homa Bay,"1,042","313,666",301,Homa Bay,"1,131,950","3,152.50",359,Homa Bay,"279,599","7,226",39,"34,067","1,351",25,"313,666",89.13908425,Homa Bay,"313,666","8,577",37,8,Homa Bay,1,1,1,1,43,Homa Bay,763,22,0,785,0,100,97.19745223,8,Homa Bay,875,875,100,8,Homa Bay,"34,758","1,752",875,875,,8,Homa Bay,495,23.3,515.3,14.9,473.2,6.1,homa bay,513,Homa Bay,Homa Bay,43,,,HOMA BAY,HOMA BAY,"1,037,468","6,627",0.6,81,"539,753",52,"196,288",18.9,"200,313",19.3,"94,406",9.1,1037,HOMA BAY,Male,"491,680","3,451",0.7,40,"274,952",55.9,"98,363",20,"79,996",16.3,"34,878",7.1,homa bay,homa bay,Homa Bay,60.5,34.4,HOMA BAY,Female,"545,768","3,174",0.6,41,"264,796",48.5,"97,920",17.9,"120,311",22,"59,526",10.9,89.13908425,8.34012103,17.69627634,"396,601",50.50743695,49.49256305,23.80377256,0.3445913961
45,Mombasa,"7,057.95","7,567.35","2,076.40","1,467.20","3,314.53","4,966.33","12,448.88","14,000.88",28,Mombasa,459,"155,337",338,Mombasa,"1,208,333","5,495","5,495",Mombasa,"75,070","1,538",49,"80,267","2,956",27,"155,337",48.32718541,Mombasa,"155,337","4,494",35,28,Mombasa,1.02,1.04,1.04,1.03,1,Mombasa,93,0,2,95,2.105263158,97.89473684,97.89473684,28,Mombasa,96,94,97.92,28,Mombasa,"5,949",188,94,94,15,28,Mombasa,595.9,37.9,616.5,44,585.7,7.6,mombasa,319,Mombasa,Mombasa City,1,,,MOMBASA,MOMBASA,"1,100,173","8,817",0.8,251,"378,423",34.4,"457,603",41.6,"153,982",14,"101,097",9.2,5,MOMBASA,Male,"552,476","5,043",0.9,135,"189,490",34.3,"243,173",44,"74,382",13.5,"40,253",7.3,mombasa,mombasa,Mombasa,35.3,28.6,MOMBASA,Female,"547,681","3,772",0.7,116,"188,930",34.5,"214,424",39.2,"79,596",14.5,"60,843",11.1,48.32718541,8.366650584,12.74334145,"611,585",25.17753051,74.82246949,16.53032694,0.4790780289
58,Siaya,"5,791.95","6,966.51",855.19,693.45,332.88,445.45,"6,980.02","8,105.40",38,Siaya,851,"269,526",317,Siaya,"993,183","2,529.80",393,Siaya,"253,492","6,087",42,"16,034",933,17,"269,526",94.05103775,Siaya,"269,526","7,020",38,38,Siaya,1,1,1,1,41,Siaya,647,9,3,659,0.4552352049,99.5447648,98.17905918,38,Siaya,643,642,99.84,38,Siaya,"31,739","1,284",642,642,51,38,Siaya,431.8,17.8,458.5,18.1,429,22.4,siaya,509,Siaya,Siaya,41,,,SIAYA,SIAYA,"919,461","8,648",0.9,322,"441,450",48,"198,100",21.5,"184,768",20.1,"86,173",9.4,992,SIAYA,Male,"434,630","4,877",1.1,163,"223,195",51.4,"97,782",22.5,"78,383",18,"30,230",7,siaya,siaya,Siaya,45.5,38.1,SIAYA,Female,"484,814","3,771",0.8,159,"218,250",45,"100,315",20.7,"106,377",21.9,"55,942",11.5,94.05103775,8.676447342,18.60362088,"382,868",48.25892997,51.74107003,22.50723487,0.4613319455
2,Bungoma,"8,893.65","10,659.44",876.59,696.07,395.12,500,"10,165.36","11,855.51",3,Bungoma,"1,115","500,157",449,Bungoma,"1,670,570","3,023.90",552,Bungoma,"449,148","8,996",50,"51,009","2,277",22,"500,157",89.80140236,Bungoma,"500,157","11,273",44,3,Bungoma,0.89,0.89,0.9,0.89,39,Bungoma,749,15,23,787,2.92249047,97.07750953,95.17153748,3,Bungoma,741,741,100,3,Bungoma,"58,871","1,482",741,741,24,3,Bungoma,433.9,10.3,434.2,12.6,462.6,15.6,bungoma,492,Bungoma,Bungoma,39,,,BUNGOMA,BUNGOMA,"1,538,767","15,673",1,139,"782,677",50.9,"264,282",17.2,"324,058",21.1,"151,938",9.9,929,BUNGOMA,Male,"745,883","8,198",1.1,74,"396,144",53.1,"133,462",17.9,"140,682",18.9,"67,323",9,bungoma,bungoma,Bungoma,42,37.7,BUNGOMA,Female,"792,851","7,473",0.9,65,"386,512",48.7,"130,817",16.5,"183,372",23.1,"84,612",10.7,89.80140236,9.094979558,19.39804977,"588,340",55.08005575,44.91994425,25.82486317,0.4954757295
27,Kisii,"7,785.90","8,894.27","1,244.00",728.94,403,700,"9,432.90","10,323.22",16,Kisii,"1,107","309,794",280,Kisii,"1,266,860","1,323.00",958,Kisii,"255,616","7,344",35,"54,178","2,345",23,"309,794",82.51160449,Kisii,"309,794","9,689",32,16,Kisii,1.01,1.01,1.03,1.01,45,Kisii,694,1,3,698,0.4297994269,99.57020057,99.4269341,16,Kisii,697,696,99.86,16,Kisii,"35,050","1,392",696,696,37,16,Kisii,478.8,18.7,455,16.4,473,22.4,kisii,521,Kisii,Kisii,45,,,KISII,KISII,"1,179,067","6,092",0.5,143,"557,477",47.3,"250,730",21.3,"248,244",21.1,"116,381",9.9,1091,KISII,Male,"561,241","3,097",0.6,66,"282,802",50.4,"127,184",22.7,"104,190",18.6,"43,902",7.8,kisii,kisii,Kisii,37.9,29.2,KISII,Female,"617,793","2,995",0.5,77,"274,662",44.5,"123,540",20,"144,048",23.3,"72,471",11.7,82.51160449,9.186571523,19.59521968,"498,974",49.75088882,50.24911118,23.32406097,0.865010061
65,Trans Nzoia,"5,760.30","7,186.16",733.14,724.98,340.45,529.5,"6,833.89","8,440.64",42,Trans Nzoia,621,"274,605",442,Trans Nzoia,"990,341","2,495.20",397,Trans Nzoia,"223,571","4,832",46,"51,034","2,461",21,"274,605",81.4154877,Trans Nzoia,"274,605","7,293",38,42,Trans Nzoia,1,1,1,1,26,Trans Nzoia,365,2,10,377,2.652519894,97.34748011,96.81697613,42,Trans Nzoia,352,352,100,42,Trans Nzoia,"27,502",704,352,352,21,42,Trans Nzoia,486.6,33.3,480.3,32.9,498.7,22.9,trans nzoia,448,Trans Nzoia,Kitale,26,,,TRANS NZOIA,TRANS NZOIA,"911,209","9,713",1.1,68,"440,977",48.4,"173,534",19,"193,088",21.2,"93,829",10.3,629,TRANS NZOIA,Male,"448,487","5,518",1.2,32,"224,218",50,"88,354",19.7,"88,076",19.6,"42,289",9.4,trans nzoia,trans nzoia,Trans Nzoia,48,38,TRANS NZOIA,Female,"462,701","4,195",0.9,36,"216,747",46.8,"85,175",18.4,"105,011",22.7,"51,537",11.1,81.4154877,9.474413359,19.49712271,"366,622",52.66677941,47.33322059,25.59284495,0.6391279308
19,Kakamega,"10,412.85","12,389.41","1,499.98",844.39,"1,118.24","2,113.00","13,031.06","15,346.80",11,Kakamega,"1,120","555,021",496,Kakamega,"1,867,579","3,020.00",618,Kakamega,"519,857","10,664",49,"35,164","1,825",19,"555,021",93.66438387,Kakamega,"555,021","12,489",44,11,Kakamega,0.97,0.98,0.99,0.98,37,Kakamega,887,9,13,909,1.430143014,98.56985699,97.57975798,11,Kakamega,880,879,99.89,11,Kakamega,"66,404","1,760",880,880,93,11,Kakamega,469,18.1,485.1,20.9,503,13.8,kakamega,486,Kakamega,Kakamega,37,,,KAKAMEGA,KAKAMEGA,"1,732,145","11,722",0.7,382,"853,031",49.2,"334,397",19.3,"352,269",20.3,"180,344",10.4,866,KAKAMEGA,Male,"828,945","6,139",0.7,170,"428,344",51.7,"162,596",19.6,"157,153",19,"74,543",9,kakamega,kakamega,Kakamega,63.2,35,KAKAMEGA,Female,"903,166","5,583",0.6,212,"424,667",47,"171,796",19,"195,111",21.6,"105,797",11.7,93.66438387,9.656566068,18.86233461,"686,666",51.30136049,48.69863951,26.26371482,0.5521461093
64,Tharaka -Nithi,"3,924.60","4,214.20",855.91,829.59,254.75,350,"5,035.26","5,393.79",41,Tharaka Nithi,538,"98,983",184,Tharaka,"393,177","2,564.40",153,Tharaka Nithi,"88,591","3,852",23,"10,392",776,13,"98,983",89.50122748,Tharaka Nithi,"98,983","4,628",21,41,Tharaka-Nithi,1,0.99,0.98,0.99,13,Tharaka-Nithi,353,71,2,426,0.4694835681,99.53051643,82.86384977,41,Tharaka-Nithi,413,411,99.52,41,Tharaka-Nithi,"12,001",822,411,411,,41,Tharaka Nithi,558.4,8.4,579.6,9.8,566.5,15,tharaka nithi,390,Tharaka-Nithi,Chuka,13,,,THARAKA-NITHI,THARAKA-NITHI,"367,574","3,543",1,71,"144,933",39.4,"96,834",26.3,"82,897",22.6,"39,296",10.7,263,THARAKA-NITHI,Male,"180,692","1,966",1.1,38,"73,509",40.7,"48,177",26.7,"40,913",22.6,"16,089",8.9,tharaka-nithi,tharaka-nithi,Tharaka Nithi,23,26.5,THARAKA-NITHI,Female,"186,875","1,577",0.8,33,"71,422",38.2,"48,655",26,"41,983",22.5,"23,205",12.4,89.50122748,9.994480857,21.08388843,"179,731",46.12281688,53.87718312,21.86378532,0.2849837263
51,Nyamira,"4,810.80","5,135.34",900.98,716.67,162.86,400,"5,874.65","6,252.01",34,Nyamira,576,"162,596",282,Nyamira,"605,576",,675,Nyamira,"125,642","4,018",31,"36,954","1,581",23,"162,596",77.27250363,Nyamira,"162,596","5,599",29,34,Nyamira,0.95,0.97,0.96,0.96,46,Nyamira,407,0,0,407,0,100,100,34,Nyamira,407,407,100,34,Nyamira,"17,260",814,407,407,,34,Nyamira,520.6,36.5,497.5,28.5,515.8,40.2,nyamira,533,Nyamira,Nyamira,46,,,NYAMIRA,NYAMIRA,"566,741","3,431",0.6,54,"260,426",46,"129,917",22.9,"111,433",19.7,"61,480",10.8,1127,NYAMIRA,Male,"271,344","1,701",0.6,21,"132,577",48.9,"65,482",24.1,"47,174",17.4,"24,389",9,nyamira,nyamira,Nyamira,25.1,25.7,NYAMIRA,Female,"295,385","1,730",0.6,33,"127,840",43.3,"64,433",21.8,"64,258",21.8,"37,091",12.6,77.27250363,10.15231779,18.40115857,"241,350",46.17070644,53.82929356,25.47337891,#DIV/0!
44,Migori,"6,773.10","8,005.02",727.2,544.39,288.54,280,"7,788.84","8,829.41",27,Migori,931,"314,160",337,Migori,"1,116,436","2,613.50",427,Migori,"273,679","6,362",43,"3,775","1,872",2,"277,454",98.6394141,Migori,"277,454","8,234",34,27,Migori,0.93,0.93,0.95,0.94,44,Migori,617,2,6,625,0.96,99.04,98.72,27,Migori,601,601,100,27,Migori,"32,733","1,202",601,601,,27,Migori,447.3,25.4,465.8,26.1,449.2,27,migori,519,Migori,Migori,44,,,MIGORI,MIGORI,"1,016,399","9,774",1,211,"522,757",51.4,"171,900",16.9,"197,075",19.4,"114,682",11.3,1064,MIGORI,Male,"486,357","4,923",1,94,"265,417",54.6,"88,443",18.2,"81,365",16.7,"46,115",9.5,migori,migori,Migori,56.5,36.9,MIGORI,Female,"530,012","4,849",0.9,117,"257,326",48.6,"83,455",15.7,"115,706",21.8,"68,559",12.9,98.6394141,10.27215174,17.65215382,"368,975",53.41147774,46.58852226,31.08123857,0.4588403968
7,Elgeyo Marakwet,"3,861.30","4,606.53",735.21,855.35,69.08,166.1,"4,665.58","5,627.98",5,Elgeyo Marakwet,467,"123,818",265,Elgeyo/Marakwet,"454,480","3,032.00",150,Elgeyo Marakwet,"109,641","3,820",29,"14,177",784,18,"123,818",88.55013003,Elgeyo Marakwet,"123,818","4,604",27,5,Elgeyo/Marakwet,0.99,1,1,1,28,Elgeyo/Marakwet,371,19,9,399,2.255639098,97.7443609,92.98245614,5,Elgeyo/Marakwet,369,369,100,5,Elgeyo/Marakwet,"13,964",738,369,369,,5,Elgeyo Marakwet,488.2,14.9,461,17.1,495,11.9,elgeyo marakwet,452,Elgeyo-Marakwet,Iten,28,,,ELGEYO/MARAKWET,ELGEYO/MARAKWET,"418,765","3,541",0.8,62,"203,979",48.7,"93,397",22.3,"65,739",15.7,"52,047",12.4,668,ELGEYO/MARAKWET,Male,"209,151","1,789",0.9,30,"103,310",49.4,"48,510",23.2,"31,890",15.2,"23,622",11.3,elgeyo/marakwet,elgeyo/marakwet,Elgeyo Marakwet,24.7,27.4,ELGEYO/MARAKWET,Female,"209,602","1,751",0.8,32,"100,663",48,"44,886",21.4,"33,847",16.1,"28,423",13.6,88.55013003,11.45198909,14.46466291,"159,136",41.30994872,58.69005128,32.70598733,0.3209731458
3,Busia,"6,013.50","7,172.16",845.88,600.43,322.56,499.8,"7,181.93","8,272.39",4,Busia,568,"250,860",442,Busia,"893,681","1,696.30",527,Busia,"231,765","4,949",47,"19,095",962,20,"250,860",92.38818464,Busia,"250,860","5,911",42,4,Busia,0.82,0.89,0.84,0.85,40,Busia,440,4,1,445,0.2247191011,99.7752809,98.87640449,4,Busia,432,431,99.77,4,Busia,"31,567",864,432,432,17,4,Busia,465.9,15.6,475.3,22.7,493.1,22.8,busia,502,Busia,Busia,40,,,BUSIA,BUSIA,"820,788","5,512",0.7,74,"405,072",49.4,"136,790",16.7,"170,347",20.8,"102,993",12.5,968,BUSIA,Male,"388,748","2,991",0.8,35,"202,993",52.2,"70,030",18,"73,630",18.9,"39,069",10,busia,busia,Busia,46.8,35.5,BUSIA,Female,"432,013","2,521",0.6,39,"202,061",46.8,"66,760",15.5,"96,713",22.4,"63,919",14.8,92.38818464,11.52458204,19.06127578,"307,137",55.46287162,44.53712838,33.53324412,0.9275376067
29,Kitui,"8,830.35","10,393.97",833.88,658.52,326.45,850,"9,990.68","11,902.49",18,Kitui,"1,620","335,078",207,Kitui,"1,136,187","30,429.50",37,Kitui,"318,630","10,142",31,"16,448","1,126",15,"335,078",95.09129218,Kitui,"335,078","11,268",30,18,Kitui,0.98,0.98,0.98,0.98,15,Kitui,885,484,45,"1,414",3.182461103,96.8175389,62.5884017,18,Kitui,,,99.6,18,Kitui,"42,732","2,466","1,233","1,233",,18,Kitui,482.6,17.6,448.9,15.1,467.7,12.7,kitui,398,Kitui,Kitui,15,,,KITUI,KITUI,"1,056,907","11,795",1.1,149,"490,726",46.4,"265,238",25.1,"152,030",14.4,"136,969",13,305,KITUI,Male,"508,247","6,431",1.3,61,"250,178",49.2,"127,266",25,"72,606",14.3,"51,705",10.2,kitui,kitui,Kitui,21,28.9,KITUI,Female,"548,634","5,364",1,88,"240,536",43.8,"137,968",25.1,"79,419",14.5,"85,259",15.5,95.09129218,12.05514585,13.3807199,"417,268",36.43461756,63.56538244,32.82518669,0.02304835768
43,Meru,"8,039.10","9,493.86","1,157.90",931.64,435.93,575,"9,632.93","11,000.50",26,Meru,"1,173","317,333",271,Meru,"1,545,714","7,006.30",221,Meru,"251,141","8,610",29,"66,192","3,500",19,"317,333",79.14115456,Meru,"317,333","12,110",26,26,Meru,1.02,1.01,1.04,1.02,12,Meru,709,7,11,727,1.5130674,98.4869326,97.52407153,26,Meru,714,712,99.72,26,Meru,"37,702","1,424",712,712,52,26,Meru,478.9,20.1,466.7,20.6,467.7,19.7,meru,359,Meru,Meru,12,,,MERU,MERU,"1,436,400","13,999",1,382,"554,475",38.6,"360,142",25.1,"301,441",21,"205,961",14.3,221,MERU,Male,"711,224","8,488",1.2,204,"277,202",39,"179,720",25.3,"153,600",21.6,"92,010",12.9,meru,meru,Meru,23.4,29,MERU,Female,"725,139","5,511",0.8,178,"277,259",38.2,"180,414",24.9,"147,834",20.4,"113,943",15.7,79.14115456,13.32465126,19.50173189,"661,583",45.5635952,54.4364048,31.13154359,0.188079906
31,Laikipia,"4,177.80","5,136.27",715.83,748.11,840.4,"1,006.00","5,734.03","6,890.37",20,Laikipia,354,"97,710",276,Laikipia,"518,560","9,532.20",54,Laikipia,"85,592","2,719",31,"12,118",775,16,"97,710",87.59799406,Laikipia,"97,710","3,494",28,20,Laikipia,0.95,0.97,0.98,0.97,31,Laikipia,245,53,2,300,0.6666666667,99.33333333,81.66666667,20,Laikipia,292,289,98.97,20,Laikipia,"11,096",578,289,289,10,20,Laikipia,484.3,27.8,482.5,26.9,491.7,32.3,laikipia,464,Laikipia,Rumuruti,31,,,LAIKIPIA,LAIKIPIA,"475,756","3,045",0.6,38,"184,613",38.8,"152,372",32,"59,213",12.4,"76,475",16.1,728,LAIKIPIA,Male,"236,702","1,731",0.7,19,"94,751",40,"78,392",33.1,"28,229",11.9,"33,580",14.2,laikipia,laikipia,Laikipia,26.4,26,LAIKIPIA,Female,"239,042","1,314",0.5,19,"89,858",37.6,"73,979",30.9,"30,981",13,"42,891",17.9,87.59799406,14.74757019,11.4187365,"211,585",27.9854432,72.0145568,36.14386653,0.153674782
18,Kajiado,"6,424.95","7,954.77",927.74,729.5,862.29,"1,605.36","8,214.97","10,289.63",10,Kajiado,792,"191,184",241,Kajiado,"1,117,840","21,871.10",51,Kajiado,"138,817","3,611",38,"52,367","2,821",19,"191,184",72.60910955,Kajiado,"191,184","6,432",30,10,Kajiado,0.98,0.99,0.99,0.99,34,Kajiado,257,249,16,522,3.0651341,96.9348659,49.23371648,10,Kajiado,395,394,99.75,10,Kajiado,"15,956",788,394,394,,10,Kajiado,489.9,3.7,465.5,10.9,519.4,19,kajiado,474,Kajiado,Kajiado,34,,,KAJIADO,KAJIADO,"1,016,058","13,146",1.3,327,"389,090",38.3,"319,689",31.5,"111,477",11,"182,329",17.9,806,KAJIADO,Male,"504,023","7,321",1.5,139,"195,925",38.9,"164,069",32.6,"54,115",10.7,"82,454",16.4,kajiado,kajiado,Kajiado,44.4,25.8,KAJIADO,Female,"512,004","5,824",1.1,188,"193,153",37.7,"155,610",30.4,"57,359",11.2,"99,870",19.5,72.60910955,16.3108316,9.97253632,"431,166",25.85477519,74.14522481,42.28742526,0.06453329469
25,Kilifi,"10,444.50","11,641.59","1,807.24","2,307.31",833.85,925,"13,085.59","14,873.90",14,Kilifi,842,"353,254",420,Kilifi,"1,453,787","12,539.70",116,Kilifi,"310,881","5,869",53,"42,373","2,063",21,"353,254",88.00494828,Kilifi,"353,254","7,932",45,14,Kilifi,0.93,0.94,0.96,0.94,3,Kilifi,439,101,10,550,1.818181818,98.18181818,79.81818182,14,Kilifi,507,507,100,14,Kilifi,"33,245","1,014",507,507,,14,Kilifi,559.7,12.8,533.4,22.6,581.5,9.5,kilifi,327,Kilifi,Kilifi,3,,,KILIFI,KILIFI,"1,323,664","9,634",0.7,237,"605,776",45.8,"282,538",21.3,"175,199",13.2,"250,280",18.9,44,KILIFI,Male,"636,891","5,214",0.8,110,"308,926",48.5,"154,263",24.2,"86,075",13.5,"82,303",12.9,kilifi,kilifi,Kilifi,20.9,42.7,KILIFI,Female,"686,754","4,420",0.6,126,"296,841",43.2,"128,273",18.7,"89,122",13,"167,972",24.5,88.00494828,17.21572693,12.05121521,"457,737",38.27503566,61.72496434,54.67768609,0.1376897283
32,Lamu,"2,595.30","3,105.65",770.2,579.12,108.43,120,"3,473.93","3,804.77",21,Lamu,137,"32,359",236,Lamu,"143,920","6,253.30",23,Lamu,"28,387",942,30,"3,972",343,12,"32,359",87.72520782,Lamu,"32,359","1,285",25,21,Lamu,0.99,0.97,0.99,0.98,5,Lamu,58,50,0,108,0,100,53.7037037,21,Lamu,93,91,97.85,21,Lamu,"3,171",182,91,91,,21,Lamu,613,15.3,598.5,18.2,611,24.4,lamu,337,Lamu,Lamu,5,,,LAMU,LAMU,"130,991",786,0.6,36,"50,249",38.4,"30,833",23.5,"22,762",17.4,"26,325",20.1,86,LAMU,Male,"69,111",472,0.7,19,"25,969",37.6,"18,933",27.4,"11,830",17.1,"11,888",17.2,lamu,lamu,Lamu,26.3,21.5,LAMU,Female,"61,877",314,0.5,17,"24,278",39.2,"11,899",19.2,"10,932",17.7,"14,437",23.3,87.72520782,18.2914119,15.81573096,"53,595",42.4703797,57.5296203,49.11838791,0.1679930515
30,Kwale,"7,785.90","8,265.59","1,164.15","1,237.99",250.09,315,"9,200.14","9,818.58",19,Kwale,532,"203,634",383,Kwale,"866,820","8,267.10",105,Kwale,"188,975","3,797",50,"14,659",947,15,"203,634",92.80130037,Kwale,"203,634","4,744",43,19,Kwale,0.98,0.99,1,0.99,2,Kwale,349,51,21,421,4.988123515,95.01187648,82.89786223,19,Kwale,364,362,99.45,19,Kwale,"22,570",724,362,362,,19,Kwale,520.3,22,508.6,31.7,564.6,24.1,kwale,320,Kwale,Kwale,2,,,KWALE,KWALE,"783,189","5,418",0.7,169,"334,612",42.7,"152,178",19.4,"98,811",12.6,"192,001",24.5,26,KWALE,Male,"382,538","3,108",0.8,89,"171,696",44.9,"83,012",21.7,"49,352",12.9,"75,281",19.7,kwale,kwale,Kwale,53.7,32.3,KWALE,Female,"400,636","2,310",0.6,80,"162,911",40.7,"69,162",17.3,"49,457",12.3,"116,716",29.1,92.80130037,22.15004268,11.39925244,"250,989",39.36865759,60.63134241,76.4977748,0.1970897778
0,Baringo,"5,095.65","6,369.39",752.87,681.62,205.2,258.55,"6,053.72","7,309.56",1,Baringo,841,"161,919",193,Baringo,"666,763","10,976.40",61,Baringo,"143,618","5,595",26,"18,301",883,21,"161,919",88.69743514,Baringo,"161,919","6,478",25,1,Baringo,1.01,1.01,1.39,1.13,30,Baringo,566,183,51,800,6.375,93.625,70.75,1,Baringo,635,633,99.69,1,Baringo,"19,283","1,266",633,633,29,1,Baringo,500.5,56.9,499.3,65.1,493.6,61.7,baringo,459,Baringo,Kabarnet,,,,BARINGO,BARINGO,"609,555","6,530",1.1,44,"253,878",41.6,"124,066",20.4,"67,739",11.1,"157,298",25.8,704,BARINGO,Male,"306,702","3,456",1.1,18,"130,797",42.6,"64,231",20.9,"32,867",10.7,"75,333",24.6,baringo,baringo,Baringo,29.2,25.7,BARINGO,Female,"302,842","3,074",1,26,"123,075",40.6,"59,832",19.8,"34,871",11.5,"81,964",27.1,88.69743514,23.59129106,10.15938197,"191,805",35.31659759,64.68340241,82.00933239,0.07222966008
50,Narok,"8,039.10","8,844.79",785.35,799.26,618.99,"2,374.55","9,443.44","12,018.60",33,Narok,940,"297,685",317,Narok,"1,157,873","17,950.30",65,Narok,"263,224","5,616",47,"34,461","1,252",28,"297,685",88.42366931,Narok,"297,685","6,868",43,33,Narok,0.93,0.94,0.92,0.93,33,Narok,143,518,53,714,7.422969188,92.57703081,20.0280112,33,Narok,616,615,99.84,33,Narok,"34,349","1,230",615,615,,33,Narok,481.9,29,472.2,38.8,480.2,40.6,narok,470,Narok,Narok,33,,,NAROK,NAROK,"1,044,966","10,856",1,185,"481,160",46,"120,221",11.5,"149,044",14.3,"283,500",27.1,782,NAROK,Male,"520,523","6,235",1.2,109,"248,214",47.7,"66,633",12.8,"70,531",13.6,"128,801",24.7,narok,narok,Narok,32,33.5,NAROK,Female,"524,419","4,620",0.9,76,"232,941",44.4,"53,583",10.2,"78,513",15,"154,686",29.5,88.42366931,24.48455055,12.87222346,"269,265",55.35216237,44.64783763,105.2866136,0.06862168249
54,Samburu,"4,620.90","5,371.35",602.39,624.24,70.38,100,"5,293.67","6,095.58",37,Samburu,188,"56,468",300,Samburu,"310,327","21,065.10",15,Samburu,"53,161","1,313",40,"3,307",116,29,"56,468",94.14358575,Samburu,"56,468","1,429",40,37,Samburu,0.99,0.99,0.99,0.99,25,Samburu,40,115,8,163,4.90797546,95.09202454,24.5398773,37,Samburu,146,112,76.71,37,Samburu,"6,451",224,112,112,,37,Samburu,421.2,5.1,397.6,8,406,8.7,samburu,323,Samburu,Maralal,25,,,SAMBURU,SAMBURU,"180,988",974,0.5,71,"81,251",44.9,"27,830",15.4,"20,089",11.1,"50,773",28.1,41,SAMBURU,Male,"141,072","1,378",1,12,"46,092",32.7,"12,778",9.1,"6,193",4.4,"74,619",52.9,samburu,samburu,Samburu,80.2,25.6,SAMBURU,Female,"138,814",999,0.7,16,"40,515",29.2,"8,482",6.1,"6,141",4.4,"82,661",59.5,94.14358575,16.36112874,6.473494088,"47,919",41.92282811,58.07717189,105.9558839,0.07836067865
73,West Pokot,"5,000.70","6,297.28",813.58,713.25,68.87,170,"5,883.15","7,180.54",47,West Pokot,690,"195,379",283,West Pokot,"621,241","9,123.20",68,West Pokot,"180,476","3,398",53,"14,903",589,25,"195,379",92.37226109,West Pokot,"195,379","3,987",49,47,West Pokot,1.05,1.04,1.07,1.05,24,West Pokot,231,338,85,654,12.9969419,87.0030581,35.32110092,47,West Pokot,498,498,100,47,West Pokot,"27,870",996,498,498,7,47,West Pokot,510.7,53.2,500.4,74.4,502.6,44.9,west pokot,314,West Pokot,Kapenguria,24,West Pokot,west pokot,WEST POKOT,WEST POKOT,"553,584","5,860",1.1,103,"235,136",42.5,"36,841",6.7,"56,672",10.2,"218,972",39.6,599,WEST POKOT,Male,"272,728","2,978",1.1,48,"119,842",43.9,"20,733",7.6,"28,006",10.3,"101,121",37.1,west pokot,west pokot,West Pokot,69.8,32.8,WEST POKOT,Female,"83,224","1,033",1.2,11,"36,634",44,"8,455",10.2,"9,992",12,"27,099",32.6,92.37226109,35.24751264,9.122385676,"93,513",60.60333857,39.39666143,234.1620951,0.09868788094
60,Tana River,"5,855.25","6,528.41",919.77,696.86,83.08,79.86,"6,858.10","7,305.13",40,Tana River,213,"59,674",280,Tana River,"315,943","37,950.50",8,Tana River,"53,083","1,375",39,"6,591",262,25,"59,674",88.95498877,Tana River,"59,674","1,637",36,40,Tana River,0.96,0.94,0.94,0.95,4,Tana River,47,121,10,178,5.617977528,94.38202247,26.40449438,40,Tana River,159,159,100,40,Tana River,"8,060",318,159,159,60,40,Tana River,476.4,40.3,487.9,42.4,539.8,27.8,tana river,331,Tana River,Hola,4,,,TANA RIVER,TANA RIVER,"284,605","1,445",0.5,126,"95,997",33.7,"32,815",11.5,"29,062",10.2,"125,160",44,74,TANA RIVER,Male,"142,087",835,0.6,57,"50,470",35.5,"19,351",13.6,"14,502",10.2,"56,872",40,tana river,tana river,Tana River,46.4,26.4,TANA RIVER,Female,"142,516",609,0.4,69,"45,527",31.9,"13,464",9.4,"14,560",10.2,"68,287",47.9,88.95498877,39.61474063,9.198494665,"61,877",46.96737075,53.03262925,202.2722498,0.03908513641
14,Isiolo,"4,241.10","4,710.39",942.48,813.49,57.18,113.69,"5,240.76","5,637.57",9,Isiolo,163,"35,221",216,Isiolo,"268,002","25,350.60",11,Isiolo,"28,784","1,002",29,"6,437",290,22,"35,221",81.72397149,Isiolo,"35,221","1,292",27,9,Isiolo,1.01,0.98,0.97,0.99,11,Isiolo,41,69,0,110,0,100,37.27272727,9,Isiolo,116,95,81.9,9,Isiolo,"4,048",190,95,95,4,9,Isiolo,525.9,24.1,537.4,30.6,547,24.6,isiolo,51,Isiolo,Isiolo,11,Isiolo,isiolo,ISIOLO,ISIOLO,"245,462","1,483",0.6,37,"79,881",32.5,"34,817",14.2,"14,485",5.9,"114,759",46.8,209,ISIOLO,Male,"128,141",886,0.7,21,"40,960",32,"19,823",15.5,"7,599",5.9,"58,852",45.9,isiolo,isiolo,Isiolo,56.3,19.5,ISIOLO,Female,"117,317",597,0.5,16,"38,920",33.2,"14,994",12.8,"6,886",5.9,"55,904",47.7,81.72397149,42.82020283,5.404810412,"49,302",29.38014685,70.61985315,232.7674334,0.06485779623
42,Marsabit,"6,773.10","7,277.00",970.97,906.61,110.37,170,"7,854.44","8,353.62",25,Marsabit,247,"64,787",262,Marsabit,"459,785","70,944.10",6,Marsabit,"50,937","1,245",41,"13,850",566,24,"64,787",78.62225446,Marsabit,"64,787","1,811",36,25,Marsabit,0.8,0.82,0.81,0.81,10,Marsabit,48,125,9,182,4.945054945,95.05494505,26.37362637,25,Marsabit,182,154,84.62,25,Marsabit,"7,846",308,154,154,25,25,Marsabit,512.7,34.2,479.7,9.4,481.9,7.8,marsabit,350,Marsabit,Marsabit,10,,,MARSABIT,MARSABIT,"409,629","3,335",0.8,216,"108,132",26.4,"25,727",6.3,"12,494",3.1,"259,725",63.4,185,MARSABIT,Male,"215,220","1,773",0.8,110,"55,636",25.9,"16,016",7.4,"7,160",3.3,"134,525",62.5,marsabit,marsabit,Marsabit,53.9,20.1,MARSABIT,Female,"194,392","1,559",0.8,106,"52,492",27,"9,711",5,"5,334",2.7,"125,190",64.4,78.62225446,56.48835869,2.717357026,"38,221",32.68883598,67.31116402,679.5348107,0.02623865456
66,Turkana,"10,539.45","12,609.31","1,295.35",939.55,209.83,180,"12,044.63","13,728.85",43,Turkana,469,"162,543",347,Turkana,"926,976","68,232.90",14,Turkana,"151,085","1,882",80,"11,458",461,25,"162,543",92.95078841,Turkana,"162,543","2,343",69,43,Turkana,1.01,1.02,1.03,1.02,23,Turkana,41,379,28,448,6.25,93.75,9.151785714,43,Turkana,358,354,98.88,43,Turkana,"29,664",708,354,354,52,43,Turkana,467.4,20.2,430.3,12.3,425.8,42,turkana,441,Turkana,Lodwar,23,,,TURKANA,TURKANA,"851,797","20,077",2.4,718,"184,015",21.6,"33,028",3.9,"28,982",3.4,"584,977",68.7,575,TURKANA,Male,"439,467","10,795",2.5,361,"98,266",22.4,"21,042",4.8,"14,573",3.3,"294,430",67,turkana,turkana,Turkana,187.7,39.2,TURKANA,Female,"412,311","9,282",2.3,357,"85,746",20.8,"11,986",2.9,"14,409",3.5,"290,531",70.5,92.95078841,63.10594881,3.126510287,"62,010",46.73762296,53.26237704,943.3591356,0.02896688649
41,Mandera,"10,222.95","11,190.38","1,158.45",760.72,143.31,200.04,"11,524.71","12,151.14",24,Mandera,333,"102,503",308,Mandera,"867,457","25,939.80",33,Mandera,"91,053","1,239",73,"11,450",464,25,"102,503",88.82959523,Mandera,"102,503","1,703",60,24,Mandera,0.81,0.87,1.39,0.94,9,Mandera,14,206,62,282,21.9858156,78.0141844,4.964539007,24,Mandera,198,198,100,24,Mandera,"14,090",396,198,198,,24,Mandera,473,22.6,454,8.8,455.7,24.1,mandera,346,Mandera,Mandera,9,Mandera,mandera,MANDERA,MANDERA,"775,085","21,776",2.8,138,"168,647",21.8,"21,483",2.8,"7,222",0.9,"555,819",71.7,161,MANDERA,Male,"391,182","10,871",2.8,73,"90,664",23.2,"14,204",3.6,"4,118",1.1,"271,252",69.3,mandera,mandera,Mandera,85.3,26.1,MANDERA,Female,"383,873","10,902",2.8,65,"77,980",20.3,"7,279",1.9,"3,104",0.8,"284,543",74.1,88.82959523,64.0745305,0.8325484721,"28,705",25.1593799,74.8406201,1936.314231,0.1004239037
9,Garissa,"7,026.30","7,927.21","1,651.83","1,241.03",103.53,150,"8,781.65","9,318.24",7,Garissa,304,"77,465",255,Garissa,"841,353","44,736.00",19,Garissa,"51,895",926,56,"25,570",785,33,"77,465",66.99154457,Garissa,"77,465","1,711",45,7,Garissa,0.98,1.01,1.01,1,7,Garissa,69,176,3,248,1.209677419,98.79032258,27.82258065,7,Garissa,163,153,93.87,7,Garissa,"7,762",306,153,153,16,7,Garissa,398.2,67.2,363.2,67.6,351.8,55.6,garissa,36,Garissa,Garissa,7,Garissa,garissa,GARISSA,GARISSA,"778,006","27,479",3.5,155,"132,990",17.1,"23,144",3,"9,508",1.2,"584,730",75.2,110,GARISSA,Male,"425,411","15,564",3.7,93,"77,489",18.2,"15,400",3.6,"5,309",1.2,"311,556",73.2,garissa,garissa,Garissa,44.8,25.4,GARISSA,Female,"352,563","11,913",3.4,62,"55,497",15.7,"7,744",2.2,"4,198",1.2,"273,149",77.5,66.99154457,69.49877162,1.130084519,"32,652",29.11919637,70.88080363,1790.793826,0.0618653557
72,Wajir,"8,545.50","9,474.73","1,288.48","1,313.36",73.96,100,"9,907.93","10,888.09",46,Wajir,306,"76,959",252,Wajir,"781,263","56,773.10",14,Wajir,"65,090","1,383",47,"11,869",381,31,"76,959",84.57750231,Wajir,"76,959","1,764",44,46,Wajir,0.95,1.42,1.21,1.18,8,Wajir,60,177,21,258,8.139534884,91.86046512,23.25581395,46,Wajir,211,211,100,46,Wajir,"11,160",422,211,211,,46,Wajir,474.1,15.3,466.6,29.2,430.4,11.8,wajir,343,Wajir,Wajir,8,,,WAJIR,WAJIR,"711,571","10,209",1.4,64,"132,611",18.6,"13,792",1.9,"5,489",0.8,"549,406",77.2,134,WAJIR,Male,"379,557","5,548",1.5,41,"75,637",19.9,"9,423",2.5,"3,224",0.8,"285,684",75.3,wajir,wajir,Wajir,34.2,28.1,WAJIR,Female,"331,969","4,660",1.4,23,"56,970",17.2,"4,369",1.3,"2,265",0.7,"263,682",79.4,84.57750231,70.32279783,0.7025803091,"19,281",28.46844043,71.53155957,2849.468389,0.04497107008